method,silhouette,calinski_harabasz
PCA + KMeans,0.17651152610778809,181.78710705701704
VAE + KMeans,0.18065616488456726,150.4395311629289
