method,n_samples,n_clusters,silhouette,nmi,ari,purity
PCA + K-Means,999,10,0.17651152610778809,0.2922760739756943,0.15708607647646497,0.3773773773773774
Autoencoder + K-Means,999,10,0.14678122103214264,0.3123200190342303,0.1727179500510376,0.42142142142142136
Direct Spectral + K-Means,999,10,0.10387410968542099,0.21862091985593074,0.11653755920919585,0.33233233233233234
VAE + K-Means,999,10,0.1861889660358429,0.3317186402964986,0.1981855536163366,0.44544544544544545
CVAE + K-Means,999,10,0.29611438512802124,0.13681039896065145,0.05792234454976136,0.24824824824824826
BetaVAE + K-Means,999,10,0.30646902322769165,0.26182597584668327,0.12493018395742304,0.3243243243243244
Multimodal (Audio+Lyrics),999,10,0.3433668613433838,0.9902617797385826,0.9911022044088177,0.9959959959959961
